topology,D_m,L_m,spacing_D,H_kN,cycles,soil_k,eta_g,u_fem_anchor_mm,u_stress_mm,utilization,feasible,Vc_m3,Lt_m,Ac_m2,C_raw,C_norm,selected_candidate,candidate_id
2x2,0.60,8.0,2.5,100.0,100000,15648.900359,,4.829,25.813803,0.860460,yes,9.047787,32.000000,4.410000,12116.223737,12.116224,yes,2x2_D0.60_L8_s2.5D
2x2,0.60,8.0,3.0,100.0,100000,15648.900359,,4.829,23.426699,0.780890,yes,9.047787,32.000000,5.760000,12244.473737,12.244474,no,2x2_D0.60_L8_s3.0D
2x2,0.60,8.0,3.5,100.0,100000,15648.900359,,4.829,21.872089,0.729070,yes,9.047787,32.000000,7.290000,12389.823737,12.389824,no,2x2_D0.60_L8_s3.5D
2x2,0.60,8.0,4.0,100.0,100000,15648.900359,,4.829,20.810620,0.693687,yes,9.047787,32.000000,9.000000,12552.273737,12.552274,no,2x2_D0.60_L8_s4.0D
2x2,0.60,8.0,4.5,100.0,100000,15648.900359,,4.829,20.062263,0.668742,yes,9.047787,32.000000,10.890000,12731.823737,12.731824,no,2x2_D0.60_L8_s4.5D
2x2,0.60,10.0,2.5,100.0,100000,17370.730231,,4.829,23.869939,0.795665,yes,11.309734,40.000000,4.410000,15040.542171,15.040542,no,2x2_D0.60_L10_s2.5D
2x2,0.60,10.0,3.0,100.0,100000,17370.730231,,4.829,21.662592,0.722086,yes,11.309734,40.000000,5.760000,15168.792171,15.168792,no,2x2_D0.60_L10_s3.0D
2x2,0.60,10.0,3.5,100.0,100000,17370.730231,,4.829,20.225049,0.674168,yes,11.309734,40.000000,7.290000,15314.142171,15.314142,no,2x2_D0.60_L10_s3.5D
2x2,0.60,10.0,4.0,100.0,100000,17370.730231,,4.829,19.243512,0.641450,yes,11.309734,40.000000,9.000000,15476.592171,15.476592,no,2x2_D0.60_L10_s4.0D
2x2,0.60,10.0,4.5,100.0,100000,17370.730231,,4.829,18.551508,0.618384,yes,11.309734,40.000000,10.890000,15656.142171,15.656142,no,2x2_D0.60_L10_s4.5D
2x2,0.60,12.0,2.5,100.0,100000,19199.698429,,4.829,22.143387,0.738113,yes,13.571680,48.000000,4.410000,17964.860606,17.964861,no,2x2_D0.60_L12_s2.5D
2x2,0.60,12.0,3.0,100.0,100000,19199.698429,,4.829,20.095701,0.669857,yes,13.571680,48.000000,5.760000,18093.110606,18.093111,no,2x2_D0.60_L12_s3.0D
2x2,0.60,12.0,3.5,100.0,100000,19199.698429,,4.829,18.762138,0.625405,yes,13.571680,48.000000,7.290000,18238.460606,18.238461,no,2x2_D0.60_L12_s3.5D
2x2,0.60,12.0,4.0,100.0,100000,19199.698429,,4.829,17.851597,0.595053,yes,13.571680,48.000000,9.000000,18400.910606,18.400911,no,2x2_D0.60_L12_s4.0D
2x2,0.60,12.0,4.5,100.0,100000,19199.698429,,4.829,17.209647,0.573655,yes,13.571680,48.000000,10.890000,18580.460606,18.580461,no,2x2_D0.60_L12_s4.5D
2x2,0.60,14.0,2.5,100.0,100000,21224.958870,,4.829,20.539020,0.684634,yes,15.833627,56.000000,4.410000,20889.179040,20.889179,no,2x2_D0.60_L14_s2.5D
2x2,0.60,14.0,3.0,100.0,100000,21224.958870,,4.829,18.639696,0.621323,yes,15.833627,56.000000,5.760000,21017.429040,21.017429,no,2x2_D0.60_L14_s3.0D
2x2,0.60,14.0,3.5,100.0,100000,21224.958870,,4.829,17.402755,0.580092,yes,15.833627,56.000000,7.290000,21162.779040,21.162779,no,2x2_D0.60_L14_s3.5D
2x2,0.60,14.0,4.0,100.0,100000,21224.958870,,4.829,16.558186,0.551940,yes,15.833627,56.000000,9.000000,21325.229040,21.325229,no,2x2_D0.60_L14_s4.0D
2x2,0.60,14.0,4.5,100.0,100000,21224.958870,,4.829,15.962747,0.532092,yes,15.833627,56.000000,10.890000,21504.779040,21.504779,no,2x2_D0.60_L14_s4.5D
2x2,0.60,16.0,2.5,100.0,100000,23090.714279,,4.829,19.281323,0.642711,yes,18.095574,64.000000,4.410000,23813.497474,23.813497,no,2x2_D0.60_L16_s2.5D
2x2,0.60,16.0,3.0,100.0,100000,23090.714279,,4.829,17.498304,0.583277,yes,18.095574,64.000000,5.760000,23941.747474,23.941747,no,2x2_D0.60_L16_s3.0D
2x2,0.60,16.0,3.5,100.0,100000,23090.714279,,4.829,16.337105,0.544570,yes,18.095574,64.000000,7.290000,24087.097474,24.087097,no,2x2_D0.60_L16_s3.5D
2x2,0.60,16.0,4.0,100.0,100000,23090.714279,,4.829,15.544253,0.518142,yes,18.095574,64.000000,9.000000,24249.547474,24.249547,no,2x2_D0.60_L16_s4.0D
2x2,0.60,16.0,4.5,100.0,100000,23090.714279,,4.829,14.985276,0.499509,yes,18.095574,64.000000,10.890000,24429.097474,24.429097,no,2x2_D0.60_L16_s4.5D
2x2,0.60,18.0,2.5,100.0,100000,24800.593100,,4.829,18.275460,0.609182,yes,20.357520,72.000000,4.410000,26737.815908,26.737816,no,2x2_D0.60_L18_s2.5D
2x2,0.60,18.0,3.0,100.0,100000,24800.593100,,4.829,16.585456,0.552849,yes,20.357520,72.000000,5.760000,26866.065908,26.866066,no,2x2_D0.60_L18_s3.0D
2x2,0.60,18.0,3.5,100.0,100000,24800.593100,,4.829,15.484835,0.516161,yes,20.357520,72.000000,7.290000,27011.415908,27.011416,no,2x2_D0.60_L18_s3.5D
2x2,0.60,18.0,4.0,100.0,100000,24800.593100,,4.829,14.733344,0.491111,yes,20.357520,72.000000,9.000000,27173.865908,27.173866,no,2x2_D0.60_L18_s4.0D
2x2,0.60,18.0,4.5,100.0,100000,24800.593100,,4.829,14.203528,0.473451,yes,20.357520,72.000000,10.890000,27353.415908,27.353416,no,2x2_D0.60_L18_s4.5D
2x2,0.60,20.0,2.5,100.0,100000,26364.246150,,4.829,17.456346,0.581878,yes,22.619467,80.000000,4.410000,29662.134343,29.662134,no,2x2_D0.60_L20_s2.5D
2x2,0.60,20.0,3.0,100.0,100000,26364.246150,,4.829,15.842089,0.528070,yes,22.619467,80.000000,5.760000,29790.384343,29.790384,no,2x2_D0.60_L20_s3.0D
2x2,0.60,20.0,3.5,100.0,100000,26364.246150,,4.829,14.790798,0.493027,yes,22.619467,80.000000,7.290000,29935.734343,29.935734,no,2x2_D0.60_L20_s3.5D
2x2,0.60,20.0,4.0,100.0,100000,26364.246150,,4.829,14.072990,0.469100,yes,22.619467,80.000000,9.000000,30098.184343,30.098184,no,2x2_D0.60_L20_s4.0D
2x2,0.60,20.0,4.5,100.0,100000,26364.246150,,4.829,13.566920,0.452231,yes,22.619467,80.000000,10.890000,30277.734343,30.277734,no,2x2_D0.60_L20_s4.5D
2x2,0.75,8.0,2.5,100.0,100000,15648.900359,,4.829,13.189610,0.439654,yes,14.137167,32.000000,6.890625,16321.599589,16.321600,no,2x2_D0.75_L8_s2.5D
2x2,0.75,8.0,3.0,100.0,100000,15648.900359,,4.829,11.969915,0.398997,yes,14.137167,32.000000,9.000000,16521.990214,16.521990,no,2x2_D0.75_L8_s3.0D
2x2,0.75,8.0,3.5,100.0,100000,15648.900359,,4.829,11.175584,0.372519,yes,14.137167,32.000000,11.390625,16749.099589,16.749100,no,2x2_D0.75_L8_s3.5D
2x2,0.75,8.0,4.0,100.0,100000,15648.900359,,4.829,10.633225,0.354441,yes,14.137167,32.000000,14.062500,17002.927714,17.002928,no,2x2_D0.75_L8_s4.0D
2x2,0.75,8.0,4.5,100.0,100000,15648.900359,,4.829,10.250850,0.341695,yes,14.137167,32.000000,17.015625,17283.474589,17.283475,no,2x2_D0.75_L8_s4.5D
2x2,0.75,10.0,2.5,100.0,100000,17370.730231,,4.829,16.153208,0.538440,yes,17.671459,40.000000,6.890625,20238.347143,20.238347,no,2x2_D0.75_L10_s2.5D
2x2,0.75,10.0,3.0,100.0,100000,17370.730231,,4.829,14.659457,0.488649,yes,17.671459,40.000000,9.000000,20438.737768,20.438738,no,2x2_D0.75_L10_s3.0D
2x2,0.75,10.0,3.5,100.0,100000,17370.730231,,4.829,13.686647,0.456222,yes,17.671459,40.000000,11.390625,20665.847143,20.665847,no,2x2_D0.75_L10_s3.5D
2x2,0.75,10.0,4.0,100.0,100000,17370.730231,,4.829,13.022423,0.434081,yes,17.671459,40.000000,14.062500,20919.675268,20.919675,no,2x2_D0.75_L10_s4.0D
2x2,0.75,10.0,4.5,100.0,100000,17370.730231,,4.829,12.554132,0.418471,yes,17.671459,40.000000,17.015625,21200.222143,21.200222,no,2x2_D0.75_L10_s4.5D
2x2,0.75,12.0,2.5,100.0,100000,19199.698429,,4.829,14.984820,0.499494,yes,21.205750,48.000000,6.890625,24155.094696,24.155095,no,2x2_D0.75_L12_s2.5D
2x2,0.75,12.0,3.0,100.0,100000,19199.698429,,4.829,13.599115,0.453304,yes,21.205750,48.000000,9.000000,24355.485321,24.355485,no,2x2_D0.75_L12_s3.0D
2x2,0.75,12.0,3.5,100.0,100000,19199.698429,,4.829,12.696669,0.423222,yes,21.205750,48.000000,11.390625,24582.594696,24.582595,no,2x2_D0.75_L12_s3.5D
2x2,0.75,12.0,4.0,100.0,100000,19199.698429,,4.829,12.080490,0.402683,yes,21.205750,48.000000,14.062500,24836.422821,24.836423,no,2x2_D0.75_L12_s4.0D
2x2,0.75,12.0,4.5,100.0,100000,19199.698429,,4.829,11.646071,0.388202,yes,21.205750,48.000000,17.015625,25116.969696,25.116970,no,2x2_D0.75_L12_s4.5D
2x2,0.75,14.0,2.5,100.0,100000,21224.958870,,4.829,13.899117,0.463304,yes,24.740042,56.000000,6.890625,28071.842250,28.071842,no,2x2_D0.75_L14_s2.5D
2x2,0.75,14.0,3.0,100.0,100000,21224.958870,,4.829,12.613811,0.420460,yes,24.740042,56.000000,9.000000,28272.232875,28.272233,no,2x2_D0.75_L14_s3.0D
2x2,0.75,14.0,3.5,100.0,100000,21224.958870,,4.829,11.776750,0.392558,yes,24.740042,56.000000,11.390625,28499.342250,28.499342,no,2x2_D0.75_L14_s3.5D
2x2,0.75,14.0,4.0,100.0,100000,21224.958870,,4.829,11.205216,0.373507,yes,24.740042,56.000000,14.062500,28753.170375,28.753170,no,2x2_D0.75_L14_s4.0D
2x2,0.75,14.0,4.5,100.0,100000,21224.958870,,4.829,10.802272,0.360076,yes,24.740042,56.000000,17.015625,29033.717250,29.033717,no,2x2_D0.75_L14_s4.5D
2x2,0.75,16.0,2.5,100.0,100000,23090.714279,,4.829,13.048011,0.434934,yes,28.274334,64.000000,6.890625,31988.589803,31.988590,no,2x2_D0.75_L16_s2.5D
2x2,0.75,16.0,3.0,100.0,100000,23090.714279,,4.829,11.841410,0.394714,yes,28.274334,64.000000,9.000000,32188.980428,32.188980,no,2x2_D0.75_L16_s3.0D
2x2,0.75,16.0,3.5,100.0,100000,23090.714279,,4.829,11.055607,0.368520,yes,28.274334,64.000000,11.390625,32416.089803,32.416090,no,2x2_D0.75_L16_s3.5D
2x2,0.75,16.0,4.0,100.0,100000,23090.714279,,4.829,10.519070,0.350636,yes,28.274334,64.000000,14.062500,32669.917928,32.669918,no,2x2_D0.75_L16_s4.0D
2x2,0.75,16.0,4.5,100.0,100000,23090.714279,,4.829,10.140800,0.338027,yes,28.274334,64.000000,17.015625,32950.464803,32.950465,no,2x2_D0.75_L16_s4.5D
2x2,0.75,18.0,2.5,100.0,100000,24800.593100,,4.829,12.367325,0.412244,yes,31.808626,72.000000,6.890625,35905.337357,35.905337,no,2x2_D0.75_L18_s2.5D
2x2,0.75,18.0,3.0,100.0,100000,24800.593100,,4.829,11.223670,0.374122,yes,31.808626,72.000000,9.000000,36105.727982,36.105728,no,2x2_D0.75_L18_s3.0D
2x2,0.75,18.0,3.5,100.0,100000,24800.593100,,4.829,10.478861,0.349295,yes,31.808626,72.000000,11.390625,36332.837357,36.332837,no,2x2_D0.75_L18_s3.5D
2x2,0.75,18.0,4.0,100.0,100000,24800.593100,,4.829,9.970314,0.332344,yes,31.808626,72.000000,14.062500,36586.665482,36.586665,no,2x2_D0.75_L18_s4.0D
2x2,0.75,18.0,4.5,100.0,100000,24800.593100,,4.829,9.611777,0.320393,yes,31.808626,72.000000,17.015625,36867.212357,36.867212,no,2x2_D0.75_L18_s4.5D
2x2,0.75,20.0,2.5,100.0,100000,26364.246150,,4.829,11.813017,0.393767,yes,35.342917,80.000000,6.890625,39822.084910,39.822085,no,2x2_D0.75_L20_s2.5D
2x2,0.75,20.0,3.0,100.0,100000,26364.246150,,4.829,10.720621,0.357354,yes,35.342917,80.000000,9.000000,40022.475535,40.022476,no,2x2_D0.75_L20_s3.0D
2x2,0.75,20.0,3.5,100.0,100000,26364.246150,,4.829,10.009194,0.333640,yes,35.342917,80.000000,11.390625,40249.584910,40.249585,no,2x2_D0.75_L20_s3.5D
2x2,0.75,20.0,4.0,100.0,100000,26364.246150,,4.829,9.523440,0.317448,yes,35.342917,80.000000,14.062500,40503.413035,40.503413,no,2x2_D0.75_L20_s4.0D
2x2,0.75,20.0,4.5,100.0,100000,26364.246150,,4.829,9.180974,0.306032,yes,35.342917,80.000000,17.015625,40783.959910,40.783960,no,2x2_D0.75_L20_s4.5D
2x2,0.90,8.0,2.5,100.0,100000,15648.900359,,4.829,6.360730,0.212024,yes,20.357520,32.000000,9.922500,21461.503408,21.461503,no,2x2_D0.90_L8_s2.5D
2x2,0.90,8.0,3.0,100.0,100000,15648.900359,,4.829,5.772529,0.192418,yes,20.357520,32.000000,12.960000,21750.065908,21.750066,no,2x2_D0.90_L8_s3.0D
2x2,0.90,8.0,3.5,100.0,100000,15648.900359,,4.829,5.389460,0.179649,yes,20.357520,32.000000,16.402500,22077.103408,22.077103,no,2x2_D0.90_L8_s3.5D
2x2,0.90,8.0,4.0,100.0,100000,15648.900359,,4.829,5.127905,0.170930,yes,20.357520,32.000000,20.250000,22442.615908,22.442616,no,2x2_D0.90_L8_s4.0D
2x2,0.90,8.0,4.5,100.0,100000,15648.900359,,4.829,4.943504,0.164783,yes,20.357520,32.000000,24.502500,22846.603408,22.846603,no,2x2_D0.90_L8_s4.5D
2x2,0.90,10.0,2.5,100.0,100000,17370.730231,,4.829,11.740635,0.391355,yes,25.446900,40.000000,9.922500,26591.219885,26.591220,no,2x2_D0.90_L10_s2.5D
2x2,0.90,10.0,3.0,100.0,100000,17370.730231,,4.829,10.654933,0.355164,yes,25.446900,40.000000,12.960000,26879.782385,26.879782,no,2x2_D0.90_L10_s3.0D
2x2,0.90,10.0,3.5,100.0,100000,17370.730231,,4.829,9.947865,0.331595,yes,25.446900,40.000000,16.402500,27206.819885,27.206820,no,2x2_D0.90_L10_s3.5D
2x2,0.90,10.0,4.0,100.0,100000,17370.730231,,4.829,9.465087,0.315503,yes,25.446900,40.000000,20.250000,27572.332385,27.572332,no,2x2_D0.90_L10_s4.0D
2x2,0.90,10.0,4.5,100.0,100000,17370.730231,,4.829,9.124719,0.304157,yes,25.446900,40.000000,24.502500,27976.319885,27.976320,no,2x2_D0.90_L10_s4.5D
2x2,0.90,12.0,2.5,100.0,100000,19199.698429,,4.829,10.891416,0.363047,yes,30.536281,48.000000,9.922500,31720.936362,31.720936,no,2x2_D0.90_L12_s2.5D
2x2,0.90,12.0,3.0,100.0,100000,19199.698429,,4.829,9.884244,0.329475,yes,30.536281,48.000000,12.960000,32009.498862,32.009499,no,2x2_D0.90_L12_s3.0D
2x2,0.90,12.0,3.5,100.0,100000,19199.698429,,4.829,9.228320,0.307611,yes,30.536281,48.000000,16.402500,32336.536362,32.336536,no,2x2_D0.90_L12_s3.5D
2x2,0.90,12.0,4.0,100.0,100000,19199.698429,,4.829,8.780462,0.292682,yes,30.536281,48.000000,20.250000,32702.048862,32.702049,no,2x2_D0.90_L12_s4.0D
2x2,0.90,12.0,4.5,100.0,100000,19199.698429,,4.829,8.464714,0.282157,yes,30.536281,48.000000,24.502500,33106.036362,33.106036,no,2x2_D0.90_L12_s4.5D
2x2,0.90,14.0,2.5,100.0,100000,21224.958870,,4.829,10.102294,0.336743,yes,35.625661,56.000000,9.922500,36850.652840,36.850653,no,2x2_D0.90_L14_s2.5D
2x2,0.90,14.0,3.0,100.0,100000,21224.958870,,4.829,9.168096,0.305603,yes,35.625661,56.000000,12.960000,37139.215340,37.139215,no,2x2_D0.90_L14_s3.0D
2x2,0.90,14.0,3.5,100.0,100000,21224.958870,,4.829,8.559695,0.285323,yes,35.625661,56.000000,16.402500,37466.252840,37.466253,no,2x2_D0.90_L14_s3.5D
2x2,0.90,14.0,4.0,100.0,100000,21224.958870,,4.829,8.144286,0.271476,yes,35.625661,56.000000,20.250000,37831.765340,37.831765,no,2x2_D0.90_L14_s4.0D
2x2,0.90,14.0,4.5,100.0,100000,21224.958870,,4.829,7.851415,0.261714,yes,35.625661,56.000000,24.502500,38235.752840,38.235753,no,2x2_D0.90_L14_s4.5D
2x2,0.90,16.0,2.5,100.0,100000,23090.714279,,4.829,9.483685,0.316123,yes,40.715041,64.000000,9.922500,41980.369317,41.980369,no,2x2_D0.90_L16_s2.5D
2x2,0.90,16.0,3.0,100.0,100000,23090.714279,,4.829,8.606692,0.286890,yes,40.715041,64.000000,12.960000,42268.931817,42.268932,no,2x2_D0.90_L16_s3.0D
2x2,0.90,16.0,3.5,100.0,100000,23090.714279,,4.829,8.035546,0.267852,yes,40.715041,64.000000,16.402500,42595.969317,42.595969,no,2x2_D0.90_L16_s3.5D
2x2,0.90,16.0,4.0,100.0,100000,23090.714279,,4.829,7.645575,0.254853,yes,40.715041,64.000000,20.250000,42961.481817,42.961482,no,2x2_D0.90_L16_s4.0D
2x2,0.90,16.0,4.5,100.0,100000,23090.714279,,4.829,7.370637,0.245688,yes,40.715041,64.000000,24.502500,43365.469317,43.365469,no,2x2_D0.90_L16_s4.5D
2x2,0.90,18.0,2.5,100.0,100000,24800.593100,,4.829,8.988943,0.299631,yes,45.804421,72.000000,9.922500,47110.085794,47.110086,no,2x2_D0.90_L18_s2.5D
2x2,0.90,18.0,3.0,100.0,100000,24800.593100,,4.829,8.157700,0.271923,yes,45.804421,72.000000,12.960000,47398.648294,47.398648,no,2x2_D0.90_L18_s3.0D
2x2,0.90,18.0,3.5,100.0,100000,24800.593100,,4.829,7.616350,0.253878,yes,45.804421,72.000000,16.402500,47725.685794,47.725686,no,2x2_D0.90_L18_s3.5D
2x2,0.90,18.0,4.0,100.0,100000,24800.593100,,4.829,7.246723,0.241557,yes,45.804421,72.000000,20.250000,48091.198294,48.091198,no,2x2_D0.90_L18_s4.0D
2x2,0.90,18.0,4.5,100.0,100000,24800.593100,,4.829,6.986128,0.232871,yes,45.804421,72.000000,24.502500,48495.185794,48.495186,no,2x2_D0.90_L18_s4.5D
2x2,0.90,20.0,2.5,100.0,100000,26364.246150,,4.829,8.586054,0.286202,yes,50.893801,80.000000,9.922500,52239.802271,52.239802,no,2x2_D0.90_L20_s2.5D
2x2,0.90,20.0,3.0,100.0,100000,26364.246150,,4.829,7.792068,0.259736,yes,50.893801,80.000000,12.960000,52528.364771,52.528365,no,2x2_D0.90_L20_s3.0D
2x2,0.90,20.0,3.5,100.0,100000,26364.246150,,4.829,7.274982,0.242499,yes,50.893801,80.000000,16.402500,52855.402271,52.855402,no,2x2_D0.90_L20_s3.5D
2x2,0.90,20.0,4.0,100.0,100000,26364.246150,,4.829,6.921921,0.230731,yes,50.893801,80.000000,20.250000,53220.914771,53.220915,no,2x2_D0.90_L20_s4.0D
2x2,0.90,20.0,4.5,100.0,100000,26364.246150,,4.829,6.673007,0.222434,yes,50.893801,80.000000,24.502500,53624.902271,53.624902,no,2x2_D0.90_L20_s4.5D
2x2,1.05,8.0,2.5,100.0,100000,15648.900359,,4.829,3.433364,0.114445,yes,27.708847,32.000000,13.505625,27535.935195,27.535935,no,2x2_D1.05_L8_s2.5D
2x2,1.05,8.0,3.0,100.0,100000,15648.900359,,4.829,3.115867,0.103862,yes,27.708847,32.000000,17.640000,27928.700820,27.928701,no,2x2_D1.05_L8_s3.0D
2x2,1.05,8.0,3.5,100.0,100000,15648.900359,,4.829,2.909096,0.096970,yes,27.708847,32.000000,22.325625,28373.835195,28.373835,no,2x2_D1.05_L8_s3.5D
2x2,1.05,8.0,4.0,100.0,100000,15648.900359,,4.829,2.767916,0.092264,yes,27.708847,32.000000,27.562500,28871.338320,28.871338,no,2x2_D1.05_L8_s4.0D
2x2,1.05,8.0,4.5,100.0,100000,15648.900359,,4.829,2.668380,0.088946,yes,27.708847,32.000000,33.350625,29421.210195,29.421210,no,2x2_D1.05_L8_s4.5D
2x2,1.05,10.0,2.5,100.0,100000,17370.730231,,4.829,6.705789,0.223526,yes,34.636059,40.000000,13.505625,34099.160400,34.099160,no,2x2_D1.05_L10_s2.5D
2x2,1.05,10.0,3.0,100.0,100000,17370.730231,,4.829,6.085678,0.202856,yes,34.636059,40.000000,17.640000,34491.926025,34.491926,no,2x2_D1.05_L10_s3.0D
2x2,1.05,10.0,3.5,100.0,100000,17370.730231,,4.829,5.681829,0.189394,yes,34.636059,40.000000,22.325625,34937.060400,34.937060,no,2x2_D1.05_L10_s3.5D
2x2,1.05,10.0,4.0,100.0,100000,17370.730231,,4.829,5.406085,0.180203,yes,34.636059,40.000000,27.562500,35434.563525,35.434564,no,2x2_D1.05_L10_s4.0D
2x2,1.05,10.0,4.5,100.0,100000,17370.730231,,4.829,5.211680,0.173723,yes,34.636059,40.000000,33.350625,35984.435400,35.984435,no,2x2_D1.05_L10_s4.5D
2x2,1.05,12.0,2.5,100.0,100000,19199.698429,,4.829,8.316249,0.277208,yes,41.563271,48.000000,13.505625,40662.385604,40.662386,no,2x2_D1.05_L12_s2.5D
2x2,1.05,12.0,3.0,100.0,100000,19199.698429,,4.829,7.547213,0.251574,yes,41.563271,48.000000,17.640000,41055.151229,41.055151,no,2x2_D1.05_L12_s3.0D
2x2,1.05,12.0,3.5,100.0,100000,19199.698429,,4.829,7.046375,0.234879,yes,41.563271,48.000000,22.325625,41500.285604,41.500286,no,2x2_D1.05_L12_s3.5D
2x2,1.05,12.0,4.0,100.0,100000,19199.698429,,4.829,6.704409,0.223480,yes,41.563271,48.000000,27.562500,41997.788729,41.997789,no,2x2_D1.05_L12_s4.0D
2x2,1.05,12.0,4.5,100.0,100000,19199.698429,,4.829,6.463316,0.215444,yes,41.563271,48.000000,33.350625,42547.660604,42.547661,no,2x2_D1.05_L12_s4.5D
2x2,1.05,14.0,2.5,100.0,100000,21224.958870,,4.829,7.713707,0.257124,yes,48.490483,56.000000,13.505625,47225.610809,47.225611,no,2x2_D1.05_L14_s2.5D
2x2,1.05,14.0,3.0,100.0,100000,21224.958870,,4.829,7.000390,0.233346,yes,48.490483,56.000000,17.640000,47618.376434,47.618376,no,2x2_D1.05_L14_s3.0D
2x2,1.05,14.0,3.5,100.0,100000,21224.958870,,4.829,6.535840,0.217861,yes,48.490483,56.000000,22.325625,48063.510809,48.063511,no,2x2_D1.05_L14_s3.5D
2x2,1.05,14.0,4.0,100.0,100000,21224.958870,,4.829,6.218651,0.207288,yes,48.490483,56.000000,27.562500,48561.013934,48.561014,no,2x2_D1.05_L14_s4.0D
2x2,1.05,14.0,4.5,100.0,100000,21224.958870,,4.829,5.995026,0.199834,yes,48.490483,56.000000,33.350625,49110.885809,49.110886,no,2x2_D1.05_L14_s4.5D
2x2,1.05,16.0,2.5,100.0,100000,23090.714279,,4.829,7.241362,0.241379,yes,55.417694,64.000000,13.505625,53788.836014,53.788836,no,2x2_D1.05_L16_s2.5D
2x2,1.05,16.0,3.0,100.0,100000,23090.714279,,4.829,6.571725,0.219057,yes,55.417694,64.000000,17.640000,54181.601639,54.181602,no,2x2_D1.05_L16_s3.0D
2x2,1.05,16.0,3.5,100.0,100000,23090.714279,,4.829,6.135621,0.204521,yes,55.417694,64.000000,22.325625,54626.736014,54.626736,no,2x2_D1.05_L16_s3.5D
2x2,1.05,16.0,4.0,100.0,100000,23090.714279,,4.829,5.837855,0.194595,yes,55.417694,64.000000,27.562500,55124.239139,55.124239,no,2x2_D1.05_L16_s4.0D
2x2,1.05,16.0,4.5,100.0,100000,23090.714279,,4.829,5.627923,0.187597,yes,55.417694,64.000000,33.350625,55674.111014,55.674111,no,2x2_D1.05_L16_s4.5D
2x2,1.05,18.0,2.5,100.0,100000,24800.593100,,4.829,6.863596,0.228787,yes,62.344906,72.000000,13.505625,60352.061219,60.352061,no,2x2_D1.05_L18_s2.5D
2x2,1.05,18.0,3.0,100.0,100000,24800.593100,,4.829,6.228893,0.207630,yes,62.344906,72.000000,17.640000,60744.826844,60.744827,no,2x2_D1.05_L18_s3.0D
2x2,1.05,18.0,3.5,100.0,100000,24800.593100,,4.829,5.815539,0.193851,yes,62.344906,72.000000,22.325625,61189.961219,61.189961,no,2x2_D1.05_L18_s3.5D
2x2,1.05,18.0,4.0,100.0,100000,24800.593100,,4.829,5.533307,0.184444,yes,62.344906,72.000000,27.562500,61687.464344,61.687464,no,2x2_D1.05_L18_s4.0D
2x2,1.05,18.0,4.5,100.0,100000,24800.593100,,4.829,5.334327,0.177811,yes,62.344906,72.000000,33.350625,62237.336219,62.237336,no,2x2_D1.05_L18_s4.5D
2x2,1.05,20.0,2.5,100.0,100000,26364.246150,,4.829,6.555967,0.218532,yes,69.272118,80.000000,13.505625,66915.286424,66.915286,no,2x2_D1.05_L20_s2.5D
2x2,1.05,20.0,3.0,100.0,100000,26364.246150,,4.829,5.949711,0.198324,yes,69.272118,80.000000,17.640000,67308.052049,67.308052,no,2x2_D1.05_L20_s3.0D
2x2,1.05,20.0,3.5,100.0,100000,26364.246150,,4.829,5.554885,0.185163,yes,69.272118,80.000000,22.325625,67753.186424,67.753186,no,2x2_D1.05_L20_s3.5D
2x2,1.05,20.0,4.0,100.0,100000,26364.246150,,4.829,5.285302,0.176177,yes,69.272118,80.000000,27.562500,68250.689549,68.250690,no,2x2_D1.05_L20_s4.0D
2x2,1.05,20.0,4.5,100.0,100000,26364.246150,,4.829,5.095240,0.169841,yes,69.272118,80.000000,33.350625,68800.561424,68.800561,no,2x2_D1.05_L20_s4.5D
2x2,1.20,8.0,2.5,100.0,100000,15648.900359,,4.829,2.012575,0.067086,yes,36.191147,32.000000,17.640000,34544.894948,34.544895,no,2x2_D1.20_L8_s2.5D
2x2,1.20,8.0,3.0,100.0,100000,15648.900359,,4.829,1.826464,0.060882,yes,36.191147,32.000000,23.040000,35057.894948,35.057895,no,2x2_D1.20_L8_s3.0D
2x2,1.20,8.0,3.5,100.0,100000,15648.900359,,4.829,1.705259,0.056842,yes,36.191147,32.000000,29.160000,35639.294948,35.639295,no,2x2_D1.20_L8_s3.5D
2x2,1.20,8.0,4.0,100.0,100000,15648.900359,,4.829,1.622501,0.054083,yes,36.191147,32.000000,36.000000,36289.094948,36.289095,no,2x2_D1.20_L8_s4.0D
2x2,1.20,8.0,4.5,100.0,100000,15648.900359,,4.829,1.564156,0.052139,yes,36.191147,32.000000,43.560000,37007.294948,37.007295,no,2x2_D1.20_L8_s4.5D
2x2,1.20,10.0,2.5,100.0,100000,17370.730231,,4.829,3.930810,0.131027,yes,45.238934,40.000000,17.640000,42762.168685,42.762169,no,2x2_D1.20_L10_s2.5D
2x2,1.20,10.0,3.0,100.0,100000,17370.730231,,4.829,3.567313,0.118910,yes,45.238934,40.000000,23.040000,43275.168685,43.275169,no,2x2_D1.20_L10_s3.0D
2x2,1.20,10.0,3.5,100.0,100000,17370.730231,,4.829,3.330584,0.111019,yes,45.238934,40.000000,29.160000,43856.568685,43.856569,no,2x2_D1.20_L10_s3.5D
2x2,1.20,10.0,4.0,100.0,100000,17370.730231,,4.829,3.168948,0.105632,yes,45.238934,40.000000,36.000000,44506.368685,44.506369,no,2x2_D1.20_L10_s4.0D
2x2,1.20,10.0,4.5,100.0,100000,17370.730231,,4.829,3.054991,0.101833,yes,45.238934,40.000000,43.560000,45224.568685,45.224569,no,2x2_D1.20_L10_s4.5D
2x2,1.20,12.0,2.5,100.0,100000,19199.698429,,4.829,6.583268,0.219442,yes,54.286721,48.000000,17.640000,50979.442422,50.979442,no,2x2_D1.20_L12_s2.5D
2x2,1.20,12.0,3.0,100.0,100000,19199.698429,,4.829,5.974488,0.199150,yes,54.286721,48.000000,23.040000,51492.442422,51.492442,no,2x2_D1.20_L12_s3.0D
2x2,1.20,12.0,3.5,100.0,100000,19199.698429,,4.829,5.578017,0.185934,yes,54.286721,48.000000,29.160000,52073.842422,52.073842,no,2x2_D1.20_L12_s3.5D
2x2,1.20,12.0,4.0,100.0,100000,19199.698429,,4.829,5.307312,0.176910,yes,54.286721,48.000000,36.000000,52723.642422,52.723642,no,2x2_D1.20_L12_s4.0D
2x2,1.20,12.0,4.5,100.0,100000,19199.698429,,4.829,5.116459,0.170549,yes,54.286721,48.000000,43.560000,53441.842422,53.441842,no,2x2_D1.20_L12_s4.5D
2x2,1.20,14.0,2.5,100.0,100000,21224.958870,,4.829,6.106287,0.203543,yes,63.334508,56.000000,17.640000,59196.716159,59.196716,no,2x2_D1.20_L14_s2.5D
2x2,1.20,14.0,3.0,100.0,100000,21224.958870,,4.829,5.541615,0.184720,yes,63.334508,56.000000,23.040000,59709.716159,59.709716,no,2x2_D1.20_L14_s3.0D
2x2,1.20,14.0,3.5,100.0,100000,21224.958870,,4.829,5.173870,0.172462,yes,63.334508,56.000000,29.160000,60291.116159,60.291116,no,2x2_D1.20_L14_s3.5D
2x2,1.20,14.0,4.0,100.0,100000,21224.958870,,4.829,4.922778,0.164093,yes,63.334508,56.000000,36.000000,60940.916159,60.940916,no,2x2_D1.20_L14_s4.0D
2x2,1.20,14.0,4.5,100.0,100000,21224.958870,,4.829,4.745753,0.158192,yes,63.334508,56.000000,43.560000,61659.116159,61.659116,no,2x2_D1.20_L14_s4.5D
2x2,1.20,16.0,2.5,100.0,100000,23090.714279,,4.829,5.732372,0.191079,yes,72.382295,64.000000,17.640000,67413.989896,67.413990,no,2x2_D1.20_L16_s2.5D
2x2,1.20,16.0,3.0,100.0,100000,23090.714279,,4.829,5.202277,0.173409,yes,72.382295,64.000000,23.040000,67926.989896,67.926990,no,2x2_D1.20_L16_s3.0D
2x2,1.20,16.0,3.5,100.0,100000,23090.714279,,4.829,4.857051,0.161902,yes,72.382295,64.000000,29.160000,68508.389896,68.508390,no,2x2_D1.20_L16_s3.5D
2x2,1.20,16.0,4.0,100.0,100000,23090.714279,,4.829,4.621334,0.154044,yes,72.382295,64.000000,36.000000,69158.189896,69.158190,no,2x2_D1.20_L16_s4.0D
2x2,1.20,16.0,4.5,100.0,100000,23090.714279,,4.829,4.455149,0.148505,yes,72.382295,64.000000,43.560000,69876.389896,69.876390,no,2x2_D1.20_L16_s4.5D
2x2,1.20,18.0,2.5,100.0,100000,24800.593100,,4.829,5.433327,0.181111,yes,81.430082,72.000000,17.640000,75631.263633,75.631264,no,2x2_D1.20_L18_s2.5D
2x2,1.20,18.0,3.0,100.0,100000,24800.593100,,4.829,4.930886,0.164363,yes,81.430082,72.000000,23.040000,76144.263633,76.144264,no,2x2_D1.20_L18_s3.0D
2x2,1.20,18.0,3.5,100.0,100000,24800.593100,,4.829,4.603669,0.153456,yes,81.430082,72.000000,29.160000,76725.663633,76.725664,no,2x2_D1.20_L18_s3.5D
2x2,1.20,18.0,4.0,100.0,100000,24800.593100,,4.829,4.380249,0.146008,yes,81.430082,72.000000,36.000000,77375.463633,77.375464,no,2x2_D1.20_L18_s4.0D
2x2,1.20,18.0,4.5,100.0,100000,24800.593100,,4.829,4.222734,0.140758,yes,81.430082,72.000000,43.560000,78093.663633,78.093664,no,2x2_D1.20_L18_s4.5D
2x2,1.20,20.0,2.5,100.0,100000,26364.246150,,4.829,5.189803,0.172993,yes,90.477868,80.000000,17.640000,83848.537370,83.848537,no,2x2_D1.20_L20_s2.5D
2x2,1.20,20.0,3.0,100.0,100000,26364.246150,,4.829,4.709881,0.156996,yes,90.477868,80.000000,23.040000,84361.537370,84.361537,no,2x2_D1.20_L20_s3.0D
2x2,1.20,20.0,3.5,100.0,100000,26364.246150,,4.829,4.397331,0.146578,yes,90.477868,80.000000,29.160000,84942.937370,84.942937,no,2x2_D1.20_L20_s3.5D
2x2,1.20,20.0,4.0,100.0,100000,26364.246150,,4.829,4.183925,0.139464,yes,90.477868,80.000000,36.000000,85592.737370,85.592737,no,2x2_D1.20_L20_s4.0D
2x2,1.20,20.0,4.5,100.0,100000,26364.246150,,4.829,4.033469,0.134449,yes,90.477868,80.000000,43.560000,86310.937370,86.310937,no,2x2_D1.20_L20_s4.5D
